CompanyName,Hyperlink,DownloadStatus
XOX Bhd,/equities/xox-bhd,To_be_Process
Konsortium Transnasional Bhd,/equities/konsortium-transnasional-bhd,To_be_Process
Bumi Armada Bhd,/equities/bumi-armada-bhd,To_be_Process
Naim Indah Corporation Bhd,/equities/naim-indah-corporation-bhd,To_be_Process
IJM Corporation Bhd,/equities/ijm-corporation-bhd,To_be_Process
Inix Technologies Holdings Bhd,/equities/inix-technologies-holdings-bhd,To_be_Process
Vivocom Intl Holdings Bhd,/equities/vivocom-intl-holdings-bhd,To_be_Process
MQ Technology Bhd,/equities/mq-technology-bhd,To_be_Process
Nova MSC Bhd,/equities/nova-msc-bhd,To_be_Process
Sapura Energy Bhd,/equities/sapurakencana-petroleum-bhd,To_be_Process
GETS Global Bhd,/equities/kbes-bhd,To_be_Process
Ageson Bhd,/equities/prinsiptek-corporation-bhd,To_be_Process
GPA Holdings Bhd,/equities/gpa-holdings-bhd,To_be_Process
Digistar Corporation Bhd,/equities/digistar-corporation-bhd,To_be_Process
CME Group Bhd,/equities/cme-group-bhd,To_be_Process
Vizione Holdings Bhd,/equities/astral-supreme-bhd,To_be_Process
Sino Hua An International Bhd,/equities/sino-hua-an-international,To_be_Process
Fintec Global Bhd,/equities/asia-bioenergy-technologies-bhd,To_be_Process
Bina Puri Holdings Bhd,/equities/bina-puri-holdings-bhd,To_be_Process
AT Systematization Bhd,/equities/at-systematization-bhd,To_be_Process
Supermax Corporation Bhd,/equities/supermax-corporation-bhd,To_be_Process
Kanger International Bhd,/equities/kanger-international-bhd,To_be_Process
KNM Group Bhd,/equities/knm-group-bhd,To_be_Process
EKA Noodles Bhd,/equities/eka-noodles-bhd,To_be_Process
Tanco Holdings Bhd,/equities/tanco-holdings-bhd,To_be_Process
Key Alliance Group Bhd,/equities/key-alliance-group-bhd,To_be_Process
P.A. Resources Bhd,/equities/p.a.-resources-bhd,To_be_Process
Kossan Rubber Industries Bhd,/equities/kossan-rubber-industries-bhd,To_be_Process
JCY International Bhd,/equities/jcy-international-bhd,To_be_Process
Luster Industries Bhd,/equities/luster-industries-bhd,To_be_Process
TechnoDex Bhd,/equities/technodex-bhd,To_be_Process
Diversified Gateway Solutions Bhd,/equities/diversified-gateway-solutions-bhd,To_be_Process
Compugates Holdings Bhd,/equities/compugates-holdings-bhd,To_be_Process
Bintai Kinden Corporation Bhd,/equities/bintai-kinden-corporation-bhd,To_be_Process
IRIS Corporation Bhd,/equities/iris-corporation-bhd,To_be_Process
Zelan Bhd,/equities/zelan-bhd,To_be_Process
Vsolar Group Bhd,/equities/vsolar-group-bhd,To_be_Process
Malayan United Industries Bhd,/equities/malayan-united-industries-bhd,To_be_Process
Niche Capital Emas Holdings,/equities/niche-capital-emas-holdings,To_be_Process
Bioalpha Holdings Bhd,/equities/bioalpha-holdings-bhd,To_be_Process
Velesto Energy Bhd,/equities/umw-oil-and-gas-corporation,To_be_Process
GFM Services Bhd,/equities/gfm-services,To_be_Process
MY EG Services Bhd,/equities/my-eg-services-bhd,To_be_Process
Sanbumi Holdings Bhd,/equities/sanbumi-holdings-bhd,To_be_Process
I-Stone Group Bhd,/equities/i-stone-group-bhd,To_be_Process
NetX Holdings Bhd,/equities/netx-holdings-bhd,To_be_Process
CIMB Group Holdings Bhd,/equities/bumiputra---commerce-holdings-bhd,To_be_Process
Icon Offshore Bhd,/equities/icon-offshore-bhd,To_be_Process
Boustead Holdings Bhd,/equities/boustead-holdings-bhd,To_be_Process
EA Holdings Bhd,/equities/ea-holdings-bhd,To_be_Process
Lambo Group Bhd,/equities/accsoft-technology-bhd,To_be_Process
Rimbunan Sawit Bhd,/equities/rimbunan-sawit-bhd,To_be_Process
Minda Global Bhd,/equities/masterskill-education-group,To_be_Process
Genting Malaysia Bhd,/equities/genting-malaysia-bhd,To_be_Process
SDS Group Bhd,/equities/sds-group-bhd,To_be_Process
Dynaciate Group Bhd,/equities/tatt-giap-group-bhd,To_be_Process
Genting Bhd,/equities/genting-bhd,To_be_Process
DGB Asia Bhd,/equities/dgb-asia-bhd,To_be_Process
Borneo Oil Bhd,/equities/borneo-oil-bhd,To_be_Process
Solution Engineering Holdings Bhd,/equities/solution-engineering-holdings-bhd,To_be_Process
PDZ Holdings Bhd,/equities/pdz-holdings-bhd,To_be_Process
Jadi Imaging Holdings Bhd,/equities/jadi-imaging-holdings-bhd,To_be_Process
Ikhmas Jaya Group Bhd,/equities/ikhmas-jaya-group-bhd,To_be_Process
Perak Transit Bhd,/equities/perak-transit-bhd,To_be_Process
Green Ocean Corporation Bhd,/equities/green-ocean-corporation-bhd,To_be_Process
Karex,/equities/karex,To_be_Process
Advance Synergy Bhd,/equities/advance-synergy-bhd,To_be_Process
AHB Holdings Bhd,/equities/ahb-holdings-bhd,To_be_Process
Perdana Petroleum Bhd,/equities/perdana-petroleum,To_be_Process
K-One Technology Bhd,/equities/k-one-technology-bhd,To_be_Process
Ni Hsin Resources Bhd,/equities/ni-hsin-resources-bhd,To_be_Process
Trive Property Group Bhd,/equities/eti-tech-corporation-bhd,To_be_Process
Pasukhas Group Bhd,/equities/pasukhas-group-bhd,To_be_Process
M N C Wireless Bhd,/equities/m-n-c-wireless-bhd,To_be_Process
Mestron Holdings,/equities/mestron-holdings,To_be_Process
Dagang Nexchange Bhd,/equities/dagang-nexchange-bhd,To_be_Process
Karyon Industries Bhd,/equities/karyon-industries-bhd,To_be_Process
Pan Malaysia Holdings Bhd,/equities/pan-malaysia-holdings-bhd,To_be_Process
Eg Industries Bhd,/equities/eg-industries-bhd,To_be_Process
Komarkcorp Bhd,/equities/komarkcorp-bhd,To_be_Process
Global Oriental Bhd,/equities/global-oriental-bhd,To_be_Process
Inari Amertron Bhd,/equities/inari-amertron-bhd,To_be_Process
Supercomnet Technologies Bhd,/equities/supercomnet-technologies-bhd,To_be_Process
mTouche Technology Bhd,/equities/mtouche-technology-bhd,To_be_Process
IFCA MSC Bhd,/equities/ifca-msc-bhd,To_be_Process
Anzo Holdings Bhd,/equities/harvest-court-industries-bhd,To_be_Process
Mah Sing Group Bhd,/equities/mah-sing-group-bhd,To_be_Process
Top Glove Corporation Bhd,/equities/top-glove-corporation-bhd,To_be_Process
M3 Technologies Asia Bhd,/equities/m3-technologies-asia-bhd,To_be_Process
Excel Force MSC Bhd,/equities/excel-force-msc-bhd,To_be_Process
Focus Dynamics Group Bhd,/equities/focus-dynamics-group-bhd,To_be_Process
Hibiscus Petroleum BHD,/equities/hibiscus-petroleum-bhd,To_be_Process
Serba Dinamik Holdings Bhd,/equities/serba-dinamik-holdings-bhd,To_be_Process
Airasia Bhd,/equities/airasia-bhd,To_be_Process
Orion lXL Bhd,/equities/orion-lxl-bhd,To_be_Process
Felda Global Ventures Holdings Bhd,/equities/felda-global-ventures-holdings-bhd,To_be_Process
OCR Group Bhd,/equities/takaso-resources-bhd,To_be_Process
Censof Holdings Bhd,/equities/censof-holdings-bhd,To_be_Process
iDimension Consolidated Bhd,/equities/idimension-consolidated-bhd,To_be_Process
Malayan Banking Bhd,/equities/malayan-banking-bhd,To_be_Process
Mlabs Systems Bhd,/equities/mlabs-systems-bhd,To_be_Process
HLT Global Bhd,/equities/hlt-global-bhd,To_be_Process
Iqzan Holding Bhd,/equities/ire-tex-corporation-bhd,To_be_Process
Careplus Group Bhd,/equities/careplus-group-bhd,To_be_Process
Sime Darby Bhd,/equities/sime-darby-bhd,To_be_Process
XiDeLang Holdings Ltd,/equities/xidelang-holdings-ltd,To_be_Process
YTL Corporation Bhd,/equities/ytl-corporation-bhd,To_be_Process
Pelikan International Corp,/equities/pelikan-international-corp,To_be_Process
OpenSys M Bhd,/equities/opensys-m-bhd,To_be_Process
Alam Maritim Resources Bhd,/equities/alam-maritim-resources-bhd,To_be_Process
Grand-Flo Bhd,/equities/grand-flo-bhd,To_be_Process
Ancom Logistics Bhd,/equities/ancom-logistics-bhd,To_be_Process
Telekom Malaysia Bhd,/equities/telekom-malaysia-bhd,To_be_Process
Notion Vtec Bhd,/equities/notion-vtec-bhd,To_be_Process
Dialog Group Bhd,/equities/dialog-group-bhd,To_be_Process
Gadang Holdings Bhd,/equities/gadang-holdings-bhd,To_be_Process
Greenyield Bhd,/equities/greenyield-bhd,To_be_Process
LKL International Bhd,/equities/lkl-international-bhd,To_be_Process
Ekovest Bhd,/equities/ekovest-bhd,To_be_Process
Nexgram Holdings Bhd,/equities/nexgram-holdings-bhd,To_be_Process
QES Group Bhd,/equities/qes,To_be_Process
Priceworth International Bhd,/equities/priceworth-international,To_be_Process
Duopharma Biotech Bhd,/equities/ccm-duopharma-biotech-bhd,To_be_Process
PUC Bhd,/equities/puc-founder-msc-bhd,To_be_Process
Comfort Gloves Bhd,/equities/integrated-rubber-corporation,To_be_Process
MClean Technologies Bhd,/equities/mclean-technologies-bhd,To_be_Process
Reach Energy Bhd,/equities/reach-energy-bhd,To_be_Process
Prestariang Bhd,/equities/prestariang-bhd,To_be_Process
Chin Hin Group Property Bhd,/equities/boon-koon-group-bhd,To_be_Process
Emico Holdings Bhd,/equities/emico-holdings-bhd,To_be_Process
Eduspec Holdings Bhd,/equities/eduspec-holdings-bhd,To_be_Process
OCK Group Bhd,/equities/ock-group-bhd,To_be_Process
Destini Bhd,/equities/destini-bhd,To_be_Process
Eastland Equity Bhd,/equities/eastland-equity-bhd,To_be_Process
Ho Wah Genting Bhd,/equities/ho-wah-genting-bhd,To_be_Process
TDM Bhd,/equities/tdm-bhd,To_be_Process
IHH Healthcare Bhd,/equities/ihh-healthcare-bhd,To_be_Process
Maxis Bhd,/equities/maxis-bhd,To_be_Process
Green Packet Bhd,/equities/green-packet-bhd,To_be_Process
Borneo Aqua Harvest Bhd,/equities/borneo-aqua-harvest-bhd,To_be_Process
Malaysia Building Society Bhd,/equities/malaysia-building-society-bhd,To_be_Process
DiGi.Com Bhd,/equities/digi.com-bhd,To_be_Process
Barakah Offshore Petroleum Bhd,/equities/barakah-offshore-petroleum-bhd,To_be_Process
Privasia Technology Bhd,/equities/privasia-technology-bhd,To_be_Process
Lyc Healthcare Bhd,/equities/mexter-technology-bhd,To_be_Process
GD Express Carrier Bhd,/equities/gd-express-carrier-bhd,To_be_Process
Jaya Tiasa Holdings Bhd,/equities/jaya-tiasa-holdings-bhd,To_be_Process
WTK Holdings Bhd,/equities/wtk-holdings-bhd,To_be_Process
G Neptune Bhd,/equities/g-neptune-bhd,To_be_Process
Smtrack Bhd,/equities/smtrack-bhd,To_be_Process
Tenaga Nasional Bhd,/equities/tenaga-nasional-bhd,To_be_Process
Vortex Consolidated Bhd,/equities/skh-consortium-bhd,To_be_Process
Astral Asia Bhd,/equities/astral-asia-bhd,To_be_Process
LBS Bina Group Bhd,/equities/lbs-bina-group-bhd,To_be_Process
Axiata Group Bhd,/equities/axiata-group-bhd,To_be_Process
Malayan Flour Mills Bhd,/equities/malayan-flour-mills-bhd,To_be_Process
Aemulus Holdings Bhd,/equities/aemulus-holdings-bhd,To_be_Process
Poh Kong Holdings Bhd,/equities/poh-kong-holdings-bhd,To_be_Process
Hartalega Holdings Bhd,/equities/hartalega-holdings-bhd,To_be_Process
Systech Bhd,/equities/systech-bhd,To_be_Process
VS Industry Bhd,/equities/vs-industry-bhd,To_be_Process
Sanichi Technology Bhd,/equities/sanichi-technology-bhd,To_be_Process
Kuantan Flour Mills Bhd,/equities/kuantan-flour-mills-bhd,To_be_Process
Gamuda Bhd,/equities/gamuda-bhd,To_be_Process
KUB Malaysia Bhd,/equities/kub-malaysia-bhd,To_be_Process
SC Estate Builder Bhd,/equities/sc-estate-builder-bhd,To_be_Process
HUBLine Bhd,/equities/hubline-bhd,To_be_Process
Dolphin International Bhd,/equities/dolphin-international-bhd,To_be_Process
Daya Materials Bhd,/equities/daya-materials-bhd,To_be_Process
Sycal Ventures Bhd,/equities/sycal-ventures-bhd,To_be_Process
Dnonce Tech Bhd,/equities/dnonce-tech-bhd,To_be_Process
Nextgreen Global Bhd,/equities/bhs-industries-bhd,To_be_Process
Ta Win Holdings Bhd,/equities/ta-win-holdings-bhd,To_be_Process
Land General Bhd,/equities/land-general-bhd,To_be_Process
Malaysian Resources Corporation,/equities/malaysian-resources-corporation,To_be_Process
Petronas Chemicals Group Bhd,/equities/petronas-chemicals-group-bhd,To_be_Process
Ideal Jacobs Malaysia Corporation Bhd,/equities/ideal-jacobs-malaysia-corporation,To_be_Process
Minho M Bhd,/equities/minho-m-bhd,To_be_Process
AMMB Holdings Bhd,/equities/ammb-holdings-bhd,To_be_Process
SYF Resources Bhd,/equities/syf-resources-bhd,To_be_Process
Press Metal Bhd,/equities/press-metal-bhd,To_be_Process
Key ASIC Bhd,/equities/key-asic-bhd,To_be_Process
YBS International Bhd,/equities/lng-resources-bhd,To_be_Process
Mtag Group Berhad,/equities/mtag-group-berhad,To_be_Process
Berjaya Corporation Bhd,/equities/berjaya-corporation-bhd,To_be_Process
Sarawak Consolidated Industries Bhd,/equities/sarawak-consolidated-industries,To_be_Process
DPS Resources Bhd,/equities/dps-resources-bhd,To_be_Process
Matang Bhd,/equities/matang-bhd,To_be_Process
Oceancash Pacific Bhd,/equities/oceancash-pacific-bhd,To_be_Process
Mscm Holdings Bhd,/equities/panpages-bhd,To_be_Process
BCM Alliance Bhd,/equities/bcm-alliance-bhd,To_be_Process
Hiap Huat Holdings Bhd,/equities/hiap-huat-holdings-bhd,To_be_Process
IOI Corporation Bhd,/equities/ioi-corporation-bhd,To_be_Process
Ahmad Zaki Resources Bhd,/equities/ahmad-zaki-resources-bhd,To_be_Process
Public Bank Bhd,/equities/public-bank-bhd,To_be_Process
Marco Holdings Bhd,/equities/marco-holdings-bhd,To_be_Process
Minetech Resources Bhd,/equities/minetech-resources-bhd,To_be_Process
MUI Properties Bhd,/equities/mui-properties-bhd,To_be_Process
Tadmax Resources Bhd,/equities/tadmax-resources-bhd,To_be_Process
HB Global Ltd,/equities/hb-global-ltd,To_be_Process
AE Multi Holdings Bhd,/equities/ae-multi-holdings-bhd,To_be_Process
Yong Tai Bhd,/equities/yong-tai-bhd,To_be_Process
SKP Resources Bhd,/equities/skp-resources-bhd,To_be_Process
Arb Bhd,/equities/aturmaju-resources-bhd,To_be_Process
Rev Asia Bhd,/equities/rev-asia-bhd,To_be_Process
Sime Darby Plantation Bhd,/equities/sime-darby-plantation,To_be_Process
WCT Holdings Bhd,/equities/wct-holdings-bhd,To_be_Process
Sersol Bhd,/equities/sersol-bhd,To_be_Process
JHM Consolidation Bhd,/equities/jhm-consolidation-bhd,To_be_Process
Boustead Plantations Bhd,/equities/boustead-plantations-bhd,To_be_Process
Uzma Bhd,/equities/uzma-bhd,To_be_Process
Kerjaya Prospek Group Bhd,/equities/fututech-bhd,To_be_Process
Kumpulan Powernet Bhd,/equities/kumpulan-powernet-bhd,To_be_Process
Parlo Bhd,/equities/parlo-bhd,To_be_Process
Asia Poly Holdings Bhd,/equities/asia-poly-holdings-bhd,To_be_Process
Cuscapi Berhad,/equities/cuscapi-berhad,To_be_Process
Securemetric Berhad,/equities/securemetric-berhad,To_be_Process
Asian Pac Holdings Bhd,/equities/asian-pac-holdings-bhd,To_be_Process
Sasbadi Holdings Bhd,/equities/sasbadi-holdings-bhd,To_be_Process
Kumpulan Perangsang Selangor,/equities/kumpulan-perangsang-selangor,To_be_Process
Industronics Bhd,/equities/industronics-bhd,To_be_Process
Hextar Global Bhd,/equities/halex-holdings-bhd,To_be_Process
Chin Hin Group Bhd,/equities/chin-hin-group-bhd,To_be_Process
TFP Solutions Bhd,/equities/tfp-solutions-bhd,To_be_Process
Sern Kou Resources Bhd,/equities/sern-kou-resources-bhd,To_be_Process
CNI Holdings Bhd,/equities/cni-holdings-bhd,To_be_Process
Reliance Pacific Bhd,/equities/reliance-pacific-bhd,To_be_Process
Symphony Life Bhd,/equities/symphony-life-bhd,To_be_Process
Titijaya Land Bhd,/equities/titijaya-land-bhd,To_be_Process
China Ouhua Winery Holdings,/equities/china-ouhua-winery-holdings,To_be_Process
Radiant Globaltech Bhd,/equities/radiant-globaltech,To_be_Process
RHB Bank Bhd,/equities/rhb-capital-bhd,To_be_Process
Metronic Global Bhd,/equities/metronic-global-bhd,To_be_Process
MISC Bhd,/equities/misc-bhd,To_be_Process
Appasia Bhd,/equities/appasia-bhd,To_be_Process
ES Ceramics Technology Bhd,/equities/es-ceramics-technology-bhd,To_be_Process
Permaju Industries Bhd,/equities/permaju-industries-bhd,To_be_Process
Prg Holdings Bhd,/equities/prg-holdings-bhd,To_be_Process
Kronologi Asia Bhd,/equities/kronologi-asia-bhd,To_be_Process
UCrest Bhd,/equities/palette-multimedia-bhd,To_be_Process
Sunzen Biotech Bhd,/equities/sunzen-biotech-bhd,To_be_Process
Kejuruteraan Asastera Bhd,/equities/kejuruteraan-asastera,To_be_Process
ConnectCounty Holdings Bhd,/equities/connectcounty-holdings-bhd,To_be_Process
Tiger Synergy Bhd,/equities/tiger-synergy-bhd,To_be_Process
MSM Malaysia Holdings Bhd,/equities/msm-malaysia-holdings-bhd,To_be_Process
Samchem Holdings Bhd,/equities/samchem-holdings-bhd,To_be_Process
Malaysia Pacific Corporation,/equities/malaysia-pacific-corporation,To_be_Process
Rubberex Corporation M Bhd,/equities/rubberex-corporation-m,To_be_Process
Evergreen Fibreboard Bhd,/equities/evergreen-fibreboard-bhd,To_be_Process
Goodway Integrated Industries,/equities/goodway-integrated-industries,To_be_Process
Malaysia Steel Works KL Bhd,/equities/malaysia-steel-works-kl-bhd,To_be_Process
Eden Inc Bhd,/equities/eden-inc-bhd,To_be_Process
AirAsia X Bhd,/equities/airasia-x-bhd,To_be_Process
SMRT Holdings Bhd,/equities/smrt-holdings-bhd,To_be_Process
Talam Transform Bhd,/equities/talam-transform-bhd,To_be_Process
Mega Sun City Holdings Bhd,/equities/mega-sun-city-holdings-bhd,To_be_Process
Luxchem Corporation Bhd,/equities/luxchem-corporation-bhd,To_be_Process
TSH Resources Bhd,/equities/tsh-resources-bhd,To_be_Process
Tekala Corporation Bhd,/equities/tekala-corporation-bhd,To_be_Process
Petronas Gas Bhd,/equities/petronas-gas-bhd,To_be_Process
Iskandar Waterfront City Bhd,/equities/iskandar-waterfront-city-bhd,To_be_Process
JAKS Resources Bhd,/equities/jaks-resources-bhd,To_be_Process
Frontken Corporation Bhd,/equities/frontken-corporation-bhd,To_be_Process
Pharmaniaga Bhd,/equities/pharmaniaga-bhd,To_be_Process
Powerwell Holdings Bhd,/equities/powerwell-holdings-bhd,To_be_Process
JAG Bhd,/equities/jag-bhd,To_be_Process
Benalec Holdings Bhd,/equities/benalec-holdings-bhd,To_be_Process
Dataprep Holdings Bhd,/equities/dataprep-holdings-bhd,To_be_Process
Kawan Food Bhd,/equities/kawan-food-bhd,To_be_Process
Melewar Industrial Group Bhd,/equities/melewar-industrial-group,To_be_Process
YTL Power International Bhd,/equities/ytl-power-international-bhd,To_be_Process
Techfast Holdings Bhd,/equities/techfast-holdings-bhd,To_be_Process
TH Heavy Engineering Bhd,/equities/th-heavy-engineering-bhd,To_be_Process
HeveaBoard Bhd,/equities/heveaboard-bhd,To_be_Process
ATA IMS Bhd,/equities/denko-industrial-corporation,To_be_Process
Mieco Chipboard Bhd,/equities/mieco-chipboard-bhd,To_be_Process
PeterLabs Holdings Bhd,/equities/peterlabs-holdings-bhd,To_be_Process
Adventa Bhd,/equities/adventa-bhd,To_be_Process
Sand Nisko Capital Bhd,/equities/len-cheong-holding-bhd,To_be_Process
Lotte Chemical Titan Holding BHD,/equities/lotte-chemical-titan,To_be_Process
Media Chinese International Ltd,/equities/media-chinese-international-ltd,To_be_Process
Tune Protect Group Bhd,/equities/tune-protect-group-bhd,To_be_Process
Sedania Innovator Bhd,/equities/sedania-innovator-bhd,To_be_Process
Pan Malaysia Corporation Bhd,/equities/pan-malaysia-corporation-bhd,To_be_Process
K N Kenanga Holdings Bhd,/equities/k-n-kenanga-holdings-bhd,To_be_Process
Tek Seng Holdings Bhd,/equities/tek-seng-holdings-bhd,To_be_Process
Lion Industries Corporation Bhd,/equities/lion-industries-corp,To_be_Process
SP Setia Bhd,/equities/sp-setia-bhd,To_be_Process
Macpie Bhd,/equities/sterling-progress-bhd,To_be_Process
ZECON Bhd,/equities/zecon-bhd,To_be_Process
Datasonic Group Bhd,/equities/datasonic-group-bhd,To_be_Process
Guan Chong Bhd,/equities/guan-chong-bhd,To_be_Process
NWP Holdings Bhd,/equities/nwp-holdings-bhd,To_be_Process
Berjaya Sports Toto Bhd,/equities/berjaya-sports-toto-bhd,To_be_Process
Dayang Enterprise Holdings Bhd,/equities/dayang-enterprise-holdings-bhd,To_be_Process
MMC Corporation Bhd,/equities/mmc-corporation-bhd,To_be_Process
Sime Darby Property Bhd,/equities/sime-darby-property,To_be_Process
Parkson Holdings Bhd,/equities/parkson-holdings-bhd,To_be_Process
Hap Seng Consolidated Bhd,/equities/hap-seng-consolidated-bhd,To_be_Process
KPJ Healthcare Bhd,/equities/kpj-healthcare-bhd,To_be_Process
MAG Holdings Berhad,/equities/xinghe-holdings-bhd,To_be_Process
Managepay Systems Bhd,/equities/managepay-systems-bhd,To_be_Process
M K Land Holdings Bhd,/equities/m-k-land-holdings-bhd,To_be_Process
Olympia Industries Bhd,/equities/olympia-industries-bhd,To_be_Process
Kia Lim Bhd,/equities/kia-lim-bhd,To_be_Process
SCH Group Bhd,/equities/sch-group-bhd,To_be_Process
Media Prima Bhd,/equities/media-prima-bhd,To_be_Process
Brahims Holdings Bhd,/equities/brahims-holdings-bhd,To_be_Process
K Star Sports Ltd,/equities/k-star-sports-ltd,To_be_Process
Caely Holdings Bhd,/equities/caely-holdings-bhd,To_be_Process
OPCOM Holdings Bhd,/equities/opcom-holdings-bhd,To_be_Process
CAB Cakaran Corporation Bhd,/equities/cab-cakaran-corporation-bhd,To_be_Process
UEM Sunrise Bhd,/equities/uem-sunrise-bhd,To_be_Process
Wah Seong Corporation Bhd,/equities/wah-seong-corporation-bhd,To_be_Process
Binasat Communications Bhd,/equities/binasat-communications,To_be_Process
MI Technovation Bhd,/equities/mi-equipment,To_be_Process
Sunway Bhd,/equities/sunway-bhd,To_be_Process
Malaysia Airport Holdings Bhd,/equities/malaysia-airport-holdings-bhd,To_be_Process
Advancecon Holdings Bhd,/equities/advancecon-holdings-bhd,To_be_Process
FoundPac Group Bhd,/equities/foundpac-group-bhd,To_be_Process
Insas Bhd,/equities/insas-bhd,To_be_Process
Meridian Bhd,/equities/meda-inc-bhd,To_be_Process
Mega First Corporation Bhd,/equities/mega-first-corporation-bhd,To_be_Process
Mikro MSC Bhd,/equities/mikro-msc-bhd,To_be_Process
Kretam Holdings Bhd,/equities/kretam-holdings-bhd,To_be_Process
Johan Holdings Bhd,/equities/johan-holdings-bhd,To_be_Process
M-Mode Bhd,/equities/m-mode-bhd,To_be_Process
Straits Inter Logistics Bhd,/equities/raya-international-bhd,To_be_Process
PCCS Group Bhd,/equities/pccs-group-bhd,To_be_Process
Wegmans Holdings Berhad,/equities/wegmans,To_be_Process
AbleGroup Bhd,/equities/ablegroup-bhd,To_be_Process
Lay Hong Bhd,/equities/lay-hong-bhd,To_be_Process
Star Media Group Bhd,/equities/star-media-group-bhd,To_be_Process
Westports Holdings Bhd,/equities/westports-holdings-bhd,To_be_Process
QL Resources Bhd,/equities/ql-resources-bhd,To_be_Process
RGT Bhd,/equities/asia-knight-bhd,To_be_Process
Malaysian Genomics Resource,/equities/malaysian-genomics-resource,To_be_Process
Mitrajaya Holdings Bhd,/equities/mitrajaya-holdings-bhd,To_be_Process
Solid Automotive Bhd,/equities/solid-automotive-bhd,To_be_Process
YGL Convergence Bhd,/equities/ygl-convergence-bhd,To_be_Process
Alliance Financial Group Bhd,/equities/malaysian-plantations-bhd,To_be_Process
PPB Group Bhd,/equities/ppb-group-bhd,To_be_Process
AME Elite Consortium Bhd,/equities/ame-elite-consortium-bhd,To_be_Process
Cahya Mata Sarawak Bhd,/equities/cahya-mata-sarawak-bhd,To_be_Process
Uwc Bhd,/equities/uwc-bhd,To_be_Process
Sealink International Bhd,/equities/sealink-international-bhd,To_be_Process
Carimin Petroleum Bhd,/equities/carimin-petroleum-bhd,To_be_Process
Harn Len Corporation Bhd,/equities/harn-len-corporation-bhd,To_be_Process
Gw Plastics Holdings Bhd,/equities/gw-plastics-holdings-bhd,To_be_Process
Ho Hup Construction Company,/equities/ho-hup-construction-company,To_be_Process
Pentamaster Corporation Bhd,/equities/pentamaster-corporation-bhd,To_be_Process
Leweko Resources Bhd,/equities/leweko-resources-bhd,To_be_Process
Dancomech Holdings Bhd,/equities/dancomech-holdings-bhd,To_be_Process
SCGM Bhd,/equities/scgm-bhd,To_be_Process
Berjaya Land Bhd,/equities/berjaya-land-bhd,To_be_Process
Hiap Teck Venture Bhd,/equities/hiap-teck-venture-bhd,To_be_Process
JKG Land Bhd,/equities/keladi-maju-bhd,To_be_Process
Eco World Develop Group,/equities/eco-world-develop-group,To_be_Process
Turiya Bhd,/equities/turiya-bhd,To_be_Process
RGB International Bhd,/equities/rgb-international-bhd,To_be_Process
N2N Connect Bhd,/equities/n2n-connect-bhd,To_be_Process
Hong Leong Bank Bhd,/equities/hong-leong-bank-bhd,To_be_Process
AEON Co (Malaysia) Bhd,/equities/aeon-co-(m)-bhd,To_be_Process
Hexza Corporation Bhd,/equities/hexza-corporation-bhd,To_be_Process
Tomypak Holdings Bhd,/equities/tomypak-holdings-bhd,To_be_Process
Ewein Bhd,/equities/ewein-bhd,To_be_Process
I-Berhad,/equities/i-bhd,To_be_Process
Tomei Consolidated Bhd,/equities/tomei-consolidated-bhd,To_be_Process
TRC Synergy Bhd,/equities/trc-synergy-bhd,To_be_Process
Cypark Resources Berhad,/equities/cypark-resources-berhad,To_be_Process
Aco Group Bhd,/equities/aco-group-bhd,To_be_Process
Bursa Malaysia Bhd,/equities/bursa-malaysia-bhd,To_be_Process
Fitters Diversified Bhd,/equities/fitters-diversified-bhd,To_be_Process
Globetronics Tech Bhd,/equities/globetronics-tech-bhd,To_be_Process
YTL Hospitality REIT,/equities/ytl-hospitality-reit,To_be_Process
Eonmetall Group Bhd,/equities/eonmetall-group-bhd,To_be_Process
Kim Teck Cheong Consolidated Bhd,/equities/kim-teck-cheong-consolidated-bhd,To_be_Process
Acoustech Bhd,/equities/acoustech-bhd,To_be_Process
T7 Global Bhd,/equities/tanjung-offshore-bhd,To_be_Process
South Malaysia Industries Bhd,/equities/south-malaysia-industries-bhd,To_be_Process
MRCB-Quill REIT Unit,/equities/mrcb-quill-unit,To_be_Process
Solarvest Holdings Bhd,/equities/solarvest-holdings-bhd,To_be_Process
Ajiya Bhd,/equities/ajiya-bhd,To_be_Process
CJ Century Logistics Holdings Bhd,/equities/century-logistics-holdings-bhd,To_be_Process
Menang Corporation (Malaysia) Bhd,/equities/menang-corporation-(m)-bhd,To_be_Process
Revenue Group Bhd,/equities/revenue-group,To_be_Process
Nova Wellness Group Bhd,/equities/nova-wellness,To_be_Process
CCK Consolidated Holdings Bhd,/equities/cck-consolidated-holdings,To_be_Process
Kelington Group Bhd,/equities/kelington-group-bhd,To_be_Process
Johore Tin Bhd,/equities/johore-tin-bhd,To_be_Process
Salcon Engineering Berhad,/equities/salcon-bhd,To_be_Process
Leong Hup International Berhad,/equities/leong-hup-international-berhad,To_be_Process
Coastal Contracts Bhd,/equities/coastal-contracts-bhd,To_be_Process
Protasco Bhd,/equities/protasco-bhd,To_be_Process
MMAG Holdings Bhd,/equities/mmag-holdings-bhd,To_be_Process
Rohas Tecnic Bhd,/equities/tecnic-group-bhd,To_be_Process
Saudee Group Bhd,/equities/saudee-group-bhd,To_be_Process
Impiana Hotels Bhd,/equities/bio-osmo-bhd,To_be_Process
Vertice Bhd,/equities/voir-holdings-bhd,To_be_Process
Pinehill Pacific Bhd,/equities/pinehill-pacific-bhd,To_be_Process
DRB - Hicom Bhd,/equities/drb---hicom-bhd,To_be_Process
TA Enterprise Bhd,/equities/ta-enterprise-bhd,To_be_Process
WCE Holdings Bhd,/equities/kumpulan-europlus-bhd,To_be_Process
MNRB Holdings Bhd,/equities/mnrb-holdings-bhd,To_be_Process
7 Eleven Malaysia Holdings Bhd,/equities/7-eleven-malaysia-holdings-bhd,To_be_Process
Sunway Construction Group Bhd,/equities/sunway-construction-group-bhd,To_be_Process
BTM Resources Bhd,/equities/btm-resources-bhd,To_be_Process
Globaltec Formation Bhd,/equities/globaltec-formation-bhd,To_be_Process
Malton Bhd,/equities/malton-bhd,To_be_Process
Focus Point Holdings Bhd,/equities/focus-point-holdings-bhd,To_be_Process
Smile-Link Healthcare Global Bhd,/equities/smile-link-healthcare,To_be_Process
Seacera Group Bhd,/equities/seacera-group-bhd,To_be_Process
Puncak Niaga Holdings Bhd,/equities/puncak-niaga-holdings-bhd,To_be_Process
D O Green Technologies Bhd,/equities/d-o-green-technologies-bhd,To_be_Process
VisDynamics Holdings Bhd,/equities/visdynamics-holdings-bhd,To_be_Process
Sunway Berhad,/equities/sunway-berhad,To_be_Process
Omesti Bhd,/equities/omesti-bhd,To_be_Process
Bermaz Auto Bhd,/equities/berjaya-auto-bhd,To_be_Process
IQ Group Holdings Bhd,/equities/iq-group-holdings-bhd,To_be_Process
Kuala Lumpur Kepong Bhd,/equities/kuala-lumpur-kepong-bhd,To_be_Process
GDB Holdings Bhd,/equities/gdb,To_be_Process
Asdion Bhd,/equities/asdion,To_be_Process
Tex Cycle Technology M Bhd,/equities/tex-cycle-technology-m-bhd,To_be_Process
Astro Malaysia Holdings Bhd,/equities/astro-malaysia-holdings-bhd,To_be_Process
Progressive Impact Corporation Bhd,/equities/progressive-impact-corporation-bhd,To_be_Process
Petronas Dagangan Bhd,/equities/petronas-dagangan-bhd,To_be_Process
AWC Bhd,/equities/awc-bhd,To_be_Process
George Kent (Malaysia) Bhd,/equities/george-kent-(malaysia)-bhd,To_be_Process
Hwa Tai Industries Bhd,/equities/hwa-tai-industries-bhd,To_be_Process
Prestar Resources Bhd,/equities/prestar-resources-bhd,To_be_Process
Padini Holdings Bhd,/equities/padini-holdings-bhd,To_be_Process
Taliworks Corporation Bhd,/equities/taliworks-corporation-bhd,To_be_Process
Econpile Holdings Bhd,/equities/econpile-holdings-bhd,To_be_Process
Techbond Group Bhd,/equities/techbond-group,To_be_Process
Plastrade Technology Bhd,/equities/plastrade-technology-bhd,To_be_Process
UMW Holdings Bhd,/equities/umw-holdings-bhd,To_be_Process
Mudajaya Group Bhd,/equities/mudajaya-group-bhd,To_be_Process
Thriven Global Bhd,/equities/mulpha-land-bhd,To_be_Process
IGB Real Estate Investment Trust,/equities/igb-real-estate-investment-trust,To_be_Process
Scope Industries Bhd,/equities/scope-industries-bhd,To_be_Process
Lagenda Properties Bhd,/equities/d.b.e.-gurney-resources-bhd,To_be_Process
Subur Tiasa Holdings Bhd,/equities/subur-tiasa-holdings-bhd,To_be_Process
AmanahRaya Real Estate Investment Trust,/equities/amanahraya-real-estate,To_be_Process
Tasco Bhd,/equities/tasco-bhd,To_be_Process
HeiTech Padu Bhd,/equities/heitech-padu-bhd,To_be_Process
WZ Satu Bhd,/equities/wz-satu-bhd,To_be_Process
Malaysia Marine and Heavy Engineering Holdings Bhd,/equities/malaysia-marine-heavy-engineering,To_be_Process
Thong Guan Industries Bhd,/equities/thong-guan-industries-bhd,To_be_Process
YKGI Holdings Bhd,/equities/ykgi-holdings-bhd,To_be_Process
Fajarbaru Builder Group Bhd,/equities/fajarbaru-builder-group-bhd,To_be_Process
Gabungan AQRS Bhd,/equities/gabungan-aqrs-bhd,To_be_Process
GHL Systems Bhd,/equities/ghl-systems-bhd,To_be_Process
Genting Plantations Bhd,/equities/genting-plantations-bhd,To_be_Process
ECS ICT Bhd,/equities/ecs-ict-bhd,To_be_Process
Naim Holdings Bhd,/equities/naim-holdings-bhd,To_be_Process
Tambun Indah Land Bhd,/equities/tambun-indah-land-bhd,To_be_Process
Unisem M Bhd,/equities/unisem-m-bhd,To_be_Process
JF Technology BHD,/equities/jf-tech,To_be_Process
Magni Tech Industries Bhd,/equities/magni-tech-industries-bhd,To_be_Process
BIMB Holdings Bhd,/equities/bimb-holdings-bhd,To_be_Process
KLCC Property Holdings Bhd,/equities/klcc-prop-reits---stapled-sec,To_be_Process
Eastern & Oriental Bhd,/equities/eastern---oriental-bhd,To_be_Process
Ann Joo Resources Bhd,/equities/ann-joo-resources-bhd,To_be_Process
Pecca Group Bhd,/equities/pecca-group-bhd,To_be_Process
Oriental Food Industries Hold,/equities/oriental-food-industries-hold,To_be_Process
Carlsberg Brewery Malaysia Bhd,/equities/carlsberg-brewery-malaysia-bhd,To_be_Process
Kumpulan Jetson Bhd,/equities/kumpulan-jetson-bhd,To_be_Process
EcoFirst Consolidated Bhd,/equities/ecofirst-consolidated-bhd,To_be_Process
Scomi Group Bhd,/equities/scomi-group-bhd,To_be_Process
Innature Bhd,/equities/innature-bhd,To_be_Process
Efficient E Solutions Bhd,/equities/efficient-e-solutions-bhd,To_be_Process
IJM Plantations Bhd,/equities/ijm-plantations-bhd,To_be_Process
Sinmah Capital Bhd,/equities/farms-best-bhd,To_be_Process
Dolomite Corporation Bhd,/equities/dolomite-corporation-bhd,To_be_Process
Power Root Bhd,/equities/power-root-bhd,To_be_Process
Kimlun Corporation Bhd,/equities/kimlun-corporation-bhd,To_be_Process
Dufu Tech Corp Bhd,/equities/dufu-tech-corp-bhd,To_be_Process
GSB Group Bhd,/equities/gsb-group-bhd,To_be_Process
Paramount Corporation Bhd,/equities/paramount-corporation-bhd,To_be_Process
Sentoria Group Bhd,/equities/sentoria-group-bhd,To_be_Process
Malakoff Corporation Bhd,/equities/malakoff-corporation-bhd,To_be_Process
Eco World International Bhd,/equities/eco-world-international-bhd,To_be_Process
PIE Industrial Bhd,/equities/pie-industrial-bhd,To_be_Process
Dpi Holdings Berhad,/equities/dpi-holdings,To_be_Process
MGB Bhd,/equities/ml-global-bhd,To_be_Process
Sarawak Cable Bhd,/equities/sarawak-cable-bhd,To_be_Process
Elsoft Research Bhd,/equities/elsoft-research-bhd,To_be_Process
Apex Healthcare Bhd,/equities/apex-healthcare-bhd,To_be_Process
Chin Well Holdings Bhd,/equities/chin-well-holdings-bhd,To_be_Process
Muar Ban Lee Group Bhd,/equities/muar-ban-lee-group-bhd,To_be_Process
TMC Life Sciences Bhd,/equities/tmc-life-sciences-bhd,To_be_Process
Oversea Enterprise Bhd,/equities/oversea-enterprise-bhd,To_be_Process
Mycron Steel Bhd,/equities/mycron-steel-bhd,To_be_Process
Yinson Holdings Bhd,/equities/yinson-holdings-bhd,To_be_Process
TH Plantations Bhd,/equities/th-plantations-bhd,To_be_Process
Versatile Creative Bhd,/equities/versatile-creative-bhd,To_be_Process
Sinotop Holdings Bhd,/equities/sinotop-holdings-bhd,To_be_Process
Hong Leong Financial Group Bhd,/equities/hong-leong-financial-group-bhd,To_be_Process
Brite Tech Bhd,/equities/brite-tech-bhd,To_be_Process
Hektar Real Estate Investment Trust,/equities/hektar-reit,To_be_Process
Faber Group Bhd,/equities/faber-group-bhd,To_be_Process
Wellcall Holdings Bhd,/equities/wellcall-holdings-bhd,To_be_Process
Hume Industries Bhd,/equities/hume-industries-bhd,To_be_Process
Teo Seng Capital Bhd,/equities/teo-seng-capital-bhd,To_be_Process
Cabnet Holdings Bhd,/equities/cabnet-holdings-bhd,To_be_Process
LFE Corporation Bhd,/equities/lfe-corporation-bhd,To_be_Process
Xin Hwa Holdings Bhd,/equities/xin-hwa-holdings-bhd,To_be_Process
YSP Southeast Asia Holding Bhd,/equities/ysp-southeast-asia-holding-bhd,To_be_Process
Yi-Lai Bhd,/equities/yi-lai-bhd,To_be_Process
Prolexus Bhd,/equities/prolexus-bhd,To_be_Process
Yoong Onn Corporation Bhd,/equities/yoong-onn-corporation-bhd,To_be_Process
MMS Ventures Bhd,/equities/mms-ventures-bhd,To_be_Process
Tri-Mode System M Bhd,/equities/tri-mode,To_be_Process
Spring Art Holdings Bhd,/equities/spring-art-holdings-bhd,To_be_Process
Muhibbah Engineering M Bhd,/equities/muhibbah-engineering-m-bhd,To_be_Process
Axis Real Estate Investment Trust,/equities/axis-real-estate-investment-trust,To_be_Process
Redtone International Bhd,/equities/redtone-international-bhd,To_be_Process
Scanwolf Corporation Bhd,/equities/scanwolf-corporation-bhd,To_be_Process
MESB Bhd,/equities/mesb-bhd,To_be_Process
Magnum Bhd,/equities/magnum-bhd,To_be_Process
Kim Hin Joo,/equities/kim-hin-joo,To_be_Process
Cocoaland Holdings Bhd,/equities/cocoaland-holdings-bhd,To_be_Process
NTPM Holdings Bhd,/equities/ntpm-holdings-bhd,To_be_Process
Khee San Bhd,/equities/khee-san-bhd,To_be_Process
Greatech Technology Bhd,/equities/greatech-technology-bhd,To_be_Process
Rexit Bhd,/equities/rexit-bhd,To_be_Process
HSS Engineers Bhd,/equities/hss-engineers-bhd,To_be_Process
Uni Wall Aps Holdings,/equities/uni-wall-aps-holdings,To_be_Process
Success Transformer Corporation Bhd,/equities/success-transformer-corp,To_be_Process
BP Plastics Holding Bhd,/equities/bp-plastics-holding-bhd,To_be_Process
British American Tobacco Malaysia Bhd,/equities/british-american-tobacco-(m)-bhd,To_be_Process
SEG International Bhd,/equities/seg-international-bhd,To_be_Process
Sunway Real Estate Investment Trust,/equities/sunway-real-estate-invest-trust,To_be_Process
Marine & General Bhd,/equities/silk-holdings-bhd,To_be_Process
Bright Packaging Industry Bhd,/equities/bright-packaging-industry-bhd,To_be_Process
Muda Holdings Bhd,/equities/muda-holdings-bhd,To_be_Process
EA Technique M Bhd,/equities/ea-technique-m-bhd,To_be_Process
Master Pack Group Bhd,/equities/master-pack-group-bhd,To_be_Process
Malaysian Pacific Industries,/equities/malaysian-pacific-industries,To_be_Process
Chemical Company of Malaysia,/equities/chemical-company-of-malaysia,To_be_Process
Pensonic Holdings Bhd,/equities/pensonic-holdings-bhd,To_be_Process
Scientex Bhd,/equities/scientex-bhd,To_be_Process
Eversendai Corporation Bhd,/equities/eversendai-corporation-bhd,To_be_Process
Tropicana Corporation Bhd,/equities/tropicana-corporation-bhd,To_be_Process
United U Li Corporation Bhd,/equities/united-u-li-corporation,To_be_Process
Ivory Properties Group Bhd,/equities/ivory-properties-group-bhd,To_be_Process
Ancom Bhd,/equities/ancom-bhd,To_be_Process
Jiankun International Bhd,/equities/jiankun-international-bhd,To_be_Process
DWL Resources Bhd,/equities/spring-gallery-bhd,To_be_Process
Lii Hen Industries Bhd,/equities/lii-hen-industries-bhd,To_be_Process
Scicom MSC Bhd,/equities/scicom-msc-bhd,To_be_Process
Only World Group Holdings Bhd,/equities/only-world-group-holdings-bhd,To_be_Process
Dutaland Bhd,/equities/dutaland-bhd,To_be_Process
AYS Ventures Bhd,/equities/ays-ventures-bhd,To_be_Process
Syarikat Takaful Malaysia Bhd,/equities/syarikat-takaful-malaysia-bhd,To_be_Process
Malaysian Bulk Carriers Bhd,/equities/malaysian-bulk-carriers-bhd,To_be_Process
Edaran Bhd,/equities/edaran-bhd,To_be_Process
HPMT Holdings Bhd,/equities/hpmt-holdings-bhd,To_be_Process
Kim Loong Resources Bhd,/equities/kim-loong-resources-bhd,To_be_Process
Euro Holdings Bhd,/equities/euro-holdings-bhd,To_be_Process
Boilermech Holdings Bhd,/equities/boilermech-holdings-bhd,To_be_Process
Asia Media Group Bhd,/equities/asia-media-group-bhd,To_be_Process
Hengyuan Refining Company Bhd,/equities/shell-refining-company,To_be_Process
K Seng Seng Corporation Bhd,/equities/k-seng-seng-corporation-bhd,To_be_Process
Ta Ann Holdings Bhd,/equities/ta-ann-holdings-bhd,To_be_Process
POS Malaysia&Services Holdings Bhd,/equities/pos-malaysia-services-holdings-bhd,To_be_Process
Majuperak Holdings Bhd,/equities/majuperak-holdings-bhd,To_be_Process
Inta Bina Group Bhd,/equities/inta-bina-group-bhd,To_be_Process
Handal Resources Bhd,/equities/handal-resources-bhd,To_be_Process
Aeon Credit Service Bhd,/equities/aeon-credit-service-(m)-bhd,To_be_Process
Public Packages Holdings Bhd,/equities/public-packages-holdings,To_be_Process
Salutica Bhd,/equities/salutica-bhd,To_be_Process
Willowglen MSC Bhd,/equities/willowglen-msc-bhd,To_be_Process
Jasa Kita Bhd,/equities/jasa-kita-bhd,To_be_Process
Matrix Concepts Holdings Bhd,/equities/matrix-concepts-holdings-bhd,To_be_Process
Engtex Group Bhd,/equities/engtex-group-bhd,To_be_Process
Tan Chong Motor Holdings Bhd,/equities/tan-chong-motor-holdings-bhd,To_be_Process
Dominant Enterprise Bhd,/equities/dominant-enterprise-bhd,To_be_Process
TIME Dotcom Bhd,/equities/time-dotcom-bhd,To_be_Process
Comintel Corporation Bhd,/equities/comintel-corporation-bhd,To_be_Process
Hup Seng Industries Bhd,/equities/hup-seng-industries-bhd,To_be_Process
Poh Huat Resources Holdings,/equities/poh-huat-resources-holdings,To_be_Process
Microlink Solutions Bhd,/equities/microlink-solutions-bhd,To_be_Process
SLP Resources Bhd,/equities/slp-resources-bhd,To_be_Process
MCE Holdings Bhd,/equities/multi-code-electronics-industries,To_be_Process
Lafarge Malayan Cement Bhd,/equities/lafarge-malayan-cement-bhd,To_be_Process
ViTrox Corporation Bhd,/equities/vitrox-corporation-bhd,To_be_Process
Suria Capital Holdings Bhd,/equities/suria-capital-holdings-bhd,To_be_Process
TSR Capital Bhd,/equities/tsr-capital-bhd,To_be_Process
Glomac Bhd,/equities/glomac-bhd,To_be_Process
Zhulian Corporation Bhd,/equities/zhulian-corporation-bhd,To_be_Process
AFFIN Holdings Bhd,/equities/affin-holdings-bhd,To_be_Process
Homeritz Corporation Bhd,/equities/homeritz-corporation-bhd,To_be_Process
Damansara Realty Bhd,/equities/damansara-realty-bhd,To_be_Process
Fraser Neave Holdings Bhd,/equities/fraser-neave-holdings-bhd,To_be_Process
SIG Gases Bhd,/equities/sig-gases-bhd,To_be_Process
Gagasan Nadi Cergas Berhad,/equities/gagasan-nadi-cergas,To_be_Process
Landmarks Bhd,/equities/landmarks-bhd,To_be_Process
Cepatwawasan Group Bhd,/equities/cepatwawasan-group-bhd,To_be_Process
Allianz Malaysia Bhd,/equities/allianz-malaysia-bhd,To_be_Process
Imaspro Corporation Bhd,/equities/imaspro-corporation-bhd,To_be_Process
Hap Seng Plantations Holdings Bhd,/equities/hap-seng-plantations-holdings-bhd,To_be_Process
Ornapaper Bhd,/equities/ornapaper-bhd,To_be_Process
Jerasia Capital Bhd,/equities/jerasia-capital-bhd,To_be_Process
KSL Holdings Bhd,/equities/ksl-holdings-bhd,To_be_Process
Inch Kenneth Kajang Rubber PLC,/equities/inch-kenneth-kajang-rubber-plc,To_be_Process
Can One Bhd,/equities/can-one-bhd,To_be_Process
UOA Development Bhd,/equities/uoa-development-bhd,To_be_Process
OSK Holdings Bhd,/equities/osk-holdings-bhd,To_be_Process
myNEWS Holdings Bhd,/equities/bison-consolidated-bhd,To_be_Process
Sunsuria Bhd,/equities/sunsuria-bhd,To_be_Process
Texchem Resources Bhd,/equities/texchem-resources-bhd,To_be_Process
YLI Holdings Bhd,/equities/yli-holdings-bhd,To_be_Process
Pansar Bhd,/equities/pansar-bhd,To_be_Process
Ranhill Holdings Ltd,/equities/symphony-house-bhd,To_be_Process
Hock Heng Stone Industries Bhd,/equities/hock-heng-stone-industries-bhd,To_be_Process
MKH Bhd,/equities/mkh-bhd,To_be_Process
Uchi Technologies Bhd,/equities/uchi-technologies-bhd,To_be_Process
Pavilion Real Estate Inv Trust,/equities/pavilion-real-estate-inv-trust,To_be_Process
Federal International Holdings Bhd,/equities/federal-furniture-holdings-m,To_be_Process
Petra Energy Bhd,/equities/petra-energy-bhd,To_be_Process
Cycle Carriage Bintang Bhd,/equities/cycle-carriage-bintang-bhd,To_be_Process
Classic Scenic Bhd,/equities/classic-scenic-bhd,To_be_Process
APM Automotive Holdings Bhd,/equities/apm-automotive-holdings-bhd,To_be_Process
Signature International Bhd,/equities/signature-international-bhd,To_be_Process
Nestle (Malaysia) Bhd,/equities/nestle-(malaysia)-bhd,To_be_Process
Scomi Energy Services Bhd,/equities/scomi-energy-services-bhd,To_be_Process
Grand Hoover Bhd,/equities/grand-hoover-bhd,To_be_Process
RCE Capital Berhad,/equities/rce-capital-berhad,To_be_Process
Formosa Prosonic Industries,/equities/formosa-prosonic-industries,To_be_Process
TAFI Industries Bhd,/equities/tafi-industries-bhd,To_be_Process
Resintech Bhd,/equities/resintech-bhd,To_be_Process
Tashin Holdings Bhd,/equities/tashin-holdings-bhd,To_be_Process
PLS Plantations Bhd,/equities/pls-plantations-bhd,To_be_Process
Acme Holdings Bhd,/equities/acme-holdings-bhd,To_be_Process
Hai O Enterprise Bhd,/equities/hai-o-enterprise-bhd,To_be_Process
YNH Property Bhd,/equities/ynh-property-bhd,To_be_Process
ELK-Desa Resources Bhd,/equities/elk-desa-resources-bhd,To_be_Process
SEAL Incorporated Bhd,/equities/seal-incorporated-bhd,To_be_Process
Bonia Corporation Bhd,/equities/bonia-corporation-bhd,To_be_Process
Superlon Holdings Bhd,/equities/superlon-holdings-bhd,To_be_Process
Nylex (Malaysia) Bhd,/equities/nylex-malaysia-bhd,To_be_Process
Lion Forest Industries Bhd,/equities/lion-forest-industries-bhd,To_be_Process
Shin Yang Shipping Corporation Bhd,/equities/shin-yang-shipping-corporation-bhd,To_be_Process
MBM Resources Bhd,/equities/mbm-resources-bhd,To_be_Process
PESTECH International Bhd,/equities/pestech-international-bhd,To_be_Process
Deleum Bhd,/equities/deleum-bhd,To_be_Process
Silver Ridge Holdings Bhd,/equities/silver-ridge-holdings-bhd,To_be_Process
CSC Steel Holdings Bhd,/equities/csc-steel-holdings-bhd,To_be_Process
Kotra Industries Bhd,/equities/kotra-industries-bhd,To_be_Process
Sarawak Oil Palms Bhd,/equities/sarawak-oil-palms-bhd,To_be_Process
HCK Capital Group Bhd,/equities/hck-capital-group-bhd,To_be_Process
Favelle Favco Bhd,/equities/favelle-favco-bhd,To_be_Process
TA Global Bhd,/equities/ta-global-bhd,To_be_Process
Leon Fuat Bhd,/equities/leon-fuat-bhd,To_be_Process
Wong Engineering Corporation Bhd,/equities/wong-engineering-corp,To_be_Process
Lingkaran Trans Kota Holdings Bhd,/equities/lingkaran-trans-kota-holdings-bhd,To_be_Process
Eversafe Rubber Bhd,/equities/eversafe-rubber-bhd,To_be_Process
Hua Yang Bhd,/equities/hua-yang-bhd,To_be_Process
Brem Holding Bhd,/equities/brem-holding-bhd,To_be_Process
Three A Resources Bhd,/equities/three-a-resources-bhd,To_be_Process
CB Industrial Product Holding,/equities/cb-industrial-product-holding,To_be_Process
MHC Plantations Bhd,/equities/mhc-plantations-bhd,To_be_Process
Pantech Group Holdings Bhd,/equities/pantech-group-holdings-bhd,To_be_Process
Petron Malaysia Refining Marketing,/equities/petron-malaysia-refining-marketing,To_be_Process
Berjaya Food Bhd,/equities/berjaya-food-bhd,To_be_Process
Ken Holdings Bhd,/equities/ken-holdings-bhd,To_be_Process
Golden Land Bhd,/equities/golden-land-bhd,To_be_Process
Complete Logistic Services Bhd,/equities/complete-logistic-services-bhd,To_be_Process
Advance Information Marketing Bhd,/equities/advance-information-marketing-bhd,To_be_Process
Al Aqar Healthcare Reit,/equities/al-aqar-healthcare-reit,To_be_Process
MB World Group Bhd,/equities/emas-kiara-industries-bhd,To_be_Process
Timberwell Bhd,/equities/timberwell-bhd,To_be_Process
United Plantations Bhd,/equities/united-plantations-bhd,To_be_Process
Fibon Bhd,/equities/fibon-bhd,To_be_Process
Berjaya Assets Bhd,/equities/berjaya-assets-bhd,To_be_Process
GUH Holdings Bhd,/equities/guh-holdings-bhd,To_be_Process
Choo Bee Metal Industries Bhd,/equities/choo-bee-metal-industries-bhd,To_be_Process
Mulpha International Bhd,/equities/mulpha-international-bhd,To_be_Process
Kumpulan Fima Bhd,/equities/kumpulan-fima-bhd,To_be_Process
CN Asia Corporation Bhd,/equities/cn-asia-corporation-bhd,To_be_Process
Xian Leng Holdings Bhd,/equities/xian-leng-holdings-bhd,To_be_Process
Hil Industries Bhd,/equities/hil-industries-bhd,To_be_Process
Genetec Technology Bhd,/equities/genetec-technology-bhd,To_be_Process
Harbour Link Group Bhd,/equities/harbour-link-group-bhd,To_be_Process
Apex Equity Holdings Bhd,/equities/apex-equity-holdings-bhd,To_be_Process
SWS Capital Bhd,/equities/sws-capital-bhd,To_be_Process
Pesona Metro Holdings Bhd,/equities/pesona-metro-holdings-bhd,To_be_Process
DKSH Holdings Malaysia Berhad,/equities/dksh-holdings-malaysia-berhad,To_be_Process
CapitaLand Malaysia Mall Trust,/equities/capitamalls-malaysia-trust,To_be_Process
Eurospan Holdings Bhd,/equities/eurospan-holdings-bhd,To_be_Process
Woodlandor Holdings Bhd,/equities/woodlandor-holdings-bhd,To_be_Process
Keck Seng Malaysia Bhd,/equities/keck-seng-malaysia-bhd,To_be_Process
Focus Lumber Bhd,/equities/focus-lumber-bhd,To_be_Process
Gas Malaysia Bhd,/equities/gas-malaysia-bhd,To_be_Process
Nationwide Express Holdings Bhd,/equities/nationwide-express-courier-services,To_be_Process
Amcorp Properties Bhd,/equities/amcorp-properties-bhd,To_be_Process
GuocoLand (Malaysia) Bhd,/equities/guocoland-(malaysia)-bhd,To_be_Process
MMAG Holdings Bhd Pref,/equities/mmag-pref,To_be_Process
Heineken Bhd,/equities/guinness-anchor-bhd,To_be_Process
Plenitude Bhd,/equities/plenitude-bhd,To_be_Process
TAS Offshore Bhd,/equities/tas-offshore-bhd,To_be_Process
Amanah Harta Tanah PNB,/equities/amanah-harta-tanah,To_be_Process
Spritzer Bhd,/equities/spritzer-bhd,To_be_Process
Khind Holdings Bhd,/equities/khind-holdings-bhd,To_be_Process
Watta Holding Bhd,/equities/watta-holding-bhd,To_be_Process
Unimech Group Bhd,/equities/unimech-group-bhd,To_be_Process
Theta Edge Bhd,/equities/theta-edge-bhd,To_be_Process
KKB Engineering Berhad,/equities/kkb-engineering-berhad,To_be_Process
SKB Shutters Corporation Bhd,/equities/skb-shutters-corporation-bhd,To_be_Process
Boustead Heavy Industries,/equities/boustead-heavy-industries,To_be_Process
Kwantas Corporation Bhd,/equities/kwantas-corporation-bhd,To_be_Process
Eksons Corp Bhd,/equities/eksons-corp-bhd,To_be_Process
Pacific Orient Bhd,/equities/pacific-orient-bhd,To_be_Process
AmFIRST Real Estate Investment Trust,/equities/amfirst,To_be_Process
BCB Bhd,/equities/bcb-bhd,To_be_Process
Lien Hoe Corporation Bhd,/equities/lien-hoe-corporation-bhd,To_be_Process
PMB Technology Bhd,/equities/pmb-technology-bhd,To_be_Process
Tiong Nam Logistics Holdings Bhd,/equities/tiong-nam-logistics-holdings-bhd,To_be_Process
Transocean Holdings Bhd,/equities/transocean-holdings-bhd,To_be_Process
Pintaras Jaya Bhd,/equities/pintaras-jaya-bhd,To_be_Process
Paos Holdings Bhd,/equities/paos-holdings-bhd,To_be_Process
Innoprise Plantations Bhd,/equities/innoprise-plantations-bhd,To_be_Process
KIP Real Estate Investment Trust,/equities/kip-real-estate-investment-trust,To_be_Process
Jaycorp Bhd,/equities/jaycorp-bhd,To_be_Process
Hock Seng Lee Bhd,/equities/hock-seng-lee-bhd,To_be_Process
Freight Management Holdings,/equities/freight-management-holdings,To_be_Process
PJBumi Bhd,/equities/pjbumi-bhd,To_be_Process
LPI Capital Bhd,/equities/lpi-capital-bhd,To_be_Process
Country Heights Holdings Bhd,/equities/country-heights-holdings-bhd,To_be_Process
Ge Shen Corporation Bhd,/equities/ge-shen-corporation-bhd,To_be_Process
JCBNext Berhad Bhd,/equities/jobstreet-corporation-bhd,To_be_Process
Oriental Holdings Bhd,/equities/oriental-holdings-bhd,To_be_Process
Heng Huat Resources Group Bhd,/equities/heng-huat-resources-group-bhd,To_be_Process
IOI Properties Group Bhd,/equities/ioi-properties-group-bhd,To_be_Process
Concrete Engineering Products,/equities/concrete-engineering-products,To_be_Process
APB Resources Bhd,/equities/apb-resources-bhd,To_be_Process
LBS Bina Group Bhd Pref,/equities/lbs-bina,To_be_Process
Teck Guan Perdana Bhd,/equities/teck-guan-perdana-bhd,To_be_Process
Daibochi Bhd,/equities/daibochi-plastic-packaging,To_be_Process
Perak Corporation Bhd,/equities/perak-corporation-bhd,To_be_Process
MPHB Capital Bhd,/equities/mphb-capital-bhd,To_be_Process
LBI Capital Bhd,/equities/lbi-capital-bhd,To_be_Process
CAM Resources Bhd,/equities/cam-resources-bhd,To_be_Process
Turbo Mech Bhd,/equities/turbo-mech-bhd,To_be_Process
Atrium Real Estate Investment Trust,/equities/atrium,To_be_Process
Panasonic Manufacture Malaysia,/equities/panasonic-manufacture-malaysia,To_be_Process
Bina Darulaman Bhd,/equities/bina-darulaman-bhd,To_be_Process
Seremban Engineering Bhd,/equities/seremban-engineering-bhd,To_be_Process
UPA Corporation Bhd,/equities/upa-corporation-bhd,To_be_Process
CYL Corporation Bhd,/equities/cyl-corporation-bhd,To_be_Process
Kluang Rubber Company Malaya,/equities/kluang-rubber-company-malaya,To_be_Process
CI Holdings Bhd,/equities/ci-holdings-bhd,To_be_Process
Sam Engineering Equipment,/equities/sam-engineering-equipment,To_be_Process
Bertam Alliance Bhd,/equities/bertam-alliance-bhd,To_be_Process
Kamdar Group (Malaysia) Bhd,/equities/kamdar-group-(m)-bhd,To_be_Process
EITA Resources Bhd,/equities/eita-resources-bhd,To_be_Process
Astino Bhd,/equities/astino-bhd,To_be_Process
Tower Real Estate Investment Trust,/equities/tower-real-estate,To_be_Process
KPS Consortium Bhd,/equities/kps-consortium-bhd,To_be_Process
BIG Industries Bhd,/equities/big-industries-bhd,To_be_Process
Chuan Huat Resources Bhd,/equities/chuan-huat-resources-bhd,To_be_Process
S P Setia Bhd Pref,/equities/s-p-setia-bhd,To_be_Process
A Rank Bhd,/equities/a-rank-bhd,To_be_Process
Chee Wah Corporation Bhd,/equities/chee-wah-corp-bhd,To_be_Process
PBA Holdings Bhd,/equities/pba-holdings-bhd,To_be_Process
Crest Builder Holdings Bhd,/equities/crest-builder-holdings-bhd,To_be_Process
Magna Prima Bhd,/equities/magna-prima-bhd,To_be_Process
SHL Consolidated Bhd,/equities/shl-consolidated-bhd,To_be_Process
Riverview Rubber Estates Bhd,/equities/riverview-rubber-estates-bhd,To_be_Process
Oka Corporation Bhd,/equities/oka-corporation-bhd,To_be_Process
EP Manufacturing Bhd,/equities/ep-manufacturing-bhd,To_be_Process
ARK Resources Bhd,/equities/ark-resources-bhd,To_be_Process
MTD ACPI Engineering Bhd,/equities/mtd-acpi-engineering-bhd,To_be_Process
Enra Group Bhd,/equities/perduren-(m)-bhd,To_be_Process
Ajinomoto Malaysia Bhd,/equities/ajinomoto-(malaysia)-bhd,To_be_Process
Oriental Interest Bhd,/equities/oriental-interest-bhd,To_be_Process
Wang-Zheng Bhd,/equities/wang-zheng-bhd,To_be_Process
Cheetah Holdings Bhd,/equities/cheetah-holdings-bhd,To_be_Process
Rapid Synergy Bhd,/equities/rapid-synergy-bhd,To_be_Process
Asia Poly Holdings Bhd Pref,/equities/asia-poly-pref,To_be_Process
IGB Bhd,/equities/goldis-bhd,To_be_Process
SCC Holdings Bhd,/equities/scc-holdings-bhd,To_be_Process
Milux Corporation Bhd,/equities/milux-corporation-bhd,To_be_Process
Shangri La Hotels Malaysia Bhd,/equities/shangri-la-hotels-malaysia-bhd,To_be_Process
Sarawak Plantation Bhd,/equities/sarawak-plantation-bhd,To_be_Process
Ideal United Bintang Bhd,/equities/ideal-united-bintang-bhd,To_be_Process
SHH Resources Holdings Bhd,/equities/shh-resources-holdings-bhd,To_be_Process
Kim Hin Industry Bhd,/equities/kim-hin-industry-bhd,To_be_Process
OCB Bhd,/equities/ocb-bhd,To_be_Process
MAA Group Bhd,/equities/maa-group-bhd,To_be_Process
Apollo Food Holdings Bhd,/equities/apollo-food-holdings-bhd,To_be_Process
OSK Ventures International Bhd,/equities/osk-ventures-international-bhd,To_be_Process
KESM Industries Bhd,/equities/kesm-industries-bhd,To_be_Process
Malaysia Smelting Corporation Bhd,/equities/malaysia-smelting-corp,To_be_Process
Tien Wah Press Holdings Bhd,/equities/tien-wah-press-holdings,To_be_Process
White Horse Bhd,/equities/white-horse-bhd,To_be_Process
Kobay Tech Bhd,/equities/kobay-tech-bhd,To_be_Process
Mesiniaga Bhd,/equities/mesiniaga-bhd,To_be_Process
Al-Salam Real Estate Investment Trust,/equities/al-salam-real-estate-investment,To_be_Process
Asia Brands Bhd,/equities/asia-brands-bhd,To_be_Process
Perusahaan Sadur Timah Malaysia Perstima Bhd,/equities/perusahaan-sadur-timah,To_be_Process
Amway (Malaysia) Holdings Bhd,/equities/amway-(malaysia)-holdings-bhd,To_be_Process
PW Consolidated Bhd,/equities/pw-consolidated-bhd,To_be_Process
Southern Steel Bhd,/equities/southern-steel-bhd,To_be_Process
Batu Kawan Bhd,/equities/batu-kawan-bhd,To_be_Process
LB Aluminium Bhd,/equities/lb-aluminium-bhd,To_be_Process
Golden Pharos Bhd,/equities/golden-pharos-bhd,To_be_Process
Kuchai Develop Bhd,/equities/kuchai-develop-bhd,To_be_Process
Selangor Dredging Bhd,/equities/selangor-dredging-bhd,To_be_Process
Sapura Resources Bhd,/equities/sapura-resources-bhd,To_be_Process
Analabs Resources Bhd,/equities/analabs-resources-bhd,To_be_Process
ABM Fujiya Bhd,/equities/abm-fujiya-bhd,To_be_Process
FSBM Holdings Bhd,/equities/fsbm-holdings-bhd,To_be_Process
Lebtech Bhd,/equities/lebtech-bhd,To_be_Process
Leader Steel Holdings Bhd,/equities/leader-steel-holdings-bhd,To_be_Process
SMIS Corporation Bhd,/equities/smis-corporation-bhd,To_be_Process
Grand Central Enterprises Bhd,/equities/grand-central-enterprises-bhd,To_be_Process
Fima Corporation Bhd,/equities/fima-corporation-bhd,To_be_Process
Harrisons Holdings (Malaysia),/equities/harrisons-holdings-(malaysia),To_be_Process
KYM Holdings Bhd,/equities/kym-holdings-bhd,To_be_Process
Mercury Industries Bhd,/equities/mercury-industries-bhd,To_be_Process
UOA Real Estate Investment Trust,/equities/uoa-reit,To_be_Process
Asia File Corporation Bhd,/equities/asia-file-corporation-bhd,To_be_Process
Aluminium Company of Malaysia Bhd,/equities/aluminium-company-of-malaysia,To_be_Process
Farlim Group (Malaysia) Bhd,/equities/farlim-group-(malaysia)-bhd,To_be_Process
Tong Herr Resources Bhd,/equities/tong-herr-resources-bhd,To_be_Process
Paragon Union Bhd,/equities/paragon-union-bhd,To_be_Process
Eupe Corporation Bhd,/equities/eupe-corporation-bhd,To_be_Process
Quality Concrete Holdings Bhd,/equities/quality-concrete-holdings-bhd,To_be_Process
Far East Holdings Bhd,/equities/far-east-holdings-bhd,To_be_Process
Bintulu Port Holdings Bhd,/equities/bintulu-port-holdings-bhd,To_be_Process
Crescendo Corporation Bhd,/equities/crescendo-corporation-bhd,To_be_Process
Lysaght Galvanized Steel Bhd,/equities/lysaght-galvanized-steel,To_be_Process
Widetech Malaysia Bhd,/equities/widetech-malaysia-bhd,To_be_Process
TPC Plus Bhd,/equities/tpc-plus-bhd,To_be_Process
DKLS Industries Bhd,/equities/dkls-industries-bhd,To_be_Process
Metro Healthcare Berhad,/equities/metro-healthcare,To_be_Process
Hong Leong Industries Bhd,/equities/hong-leong-industries-bhd,To_be_Process
FCW Holdings Bhd,/equities/fcw-holdings-bhd,To_be_Process
Ibraco Bhd,/equities/ibraco-bhd,To_be_Process
UMS Holdings Bhd,/equities/ums-holdings-bhd,To_be_Process
G3 Global Bhd,/equities/yen-global-bhd,To_be_Process
Mentiga Corporation Bhd,/equities/mentiga-corporation-bhd,To_be_Process
Sungei Bagan Rubber Malaya,/equities/sungei-bagan-rubber-malaya,To_be_Process
Country View Bhd,/equities/country-view-bhd,To_be_Process
Kumpulan H & L High-Tech Bhd,/equities/kumpulan-h-l-high-tech,To_be_Process
See Hup Consolidated Bhd,/equities/see-hup-consolidated-bhd,To_be_Process
FACB Industries Incorporated,/equities/facb-industries-incorporated,To_be_Process
Poly Glass Fibre (M) Bhd,/equities/poly-glass-fibre-m-bhd,To_be_Process
Dutch Lady Milk Industries Bhd,/equities/dutch-lady-milk-industries-bhd,To_be_Process
BLD Plantation Bhd,/equities/bld-plantation-bhd,To_be_Process
Perisai Petroleum Teknologi Bhd,/equities/perisai-petroleum-teknologi-bhd,To_be_Process
Amalgamated Industrial Steel,/equities/amalgamated-industrial-steel,To_be_Process
Amverton Bhd,/equities/a-m-realty-bhd,To_be_Process
APFT Bhd,/equities/apft-bhd,To_be_Process
Advanced Packaging Tech (Malaysia),/equities/advanced-packaging-tech-(m),To_be_Process
Atlan Holdings Bhd,/equities/atlan-holdings-bhd,To_be_Process
Berjaya Media Bhd,/equities/berjaya-media-bhd,To_be_Process
Box Pak (Malaysia) Bhd,/equities/box-pak-(malaysia)-bhd,To_be_Process
BSL Corp Bhd,/equities/bsl-corp-bhd,To_be_Process
Caring Pharmacy Group Bhd,/equities/caring-pharmacy-group-bhd,To_be_Process
Computer Forms (Malaysia) Bhd,/equities/computer-forms-(malaysia)-bhd,To_be_Process
China Stationery Ltd,/equities/china-stationery-ltd,To_be_Process
Central Industrial Corp,/equities/central-industrial-corp,To_be_Process
Chin Teck Plantations Bhd,/equities/chin-teck-plantations-bhd,To_be_Process
DeGem Bhd,/equities/degem-bhd,To_be_Process
ECM Libra Financial Group Bhd,/equities/ecm-libra-financial-group-bhd,To_be_Process
Encorp Bhd,/equities/encorp-bhd,To_be_Process
Eng Kah Corporation Bhd,/equities/eng-kah-corporation-bhd,To_be_Process
Esthetics International Group,/equities/esthetics-international-group,To_be_Process
Fiamma Holdings Bhd,/equities/fiamma-holdings-bhd,To_be_Process
Goh Ban Huat Bhd,/equities/goh-ban-huat-bhd,To_be_Process
Gromutual Bhd,/equities/gromutual-bhd,To_be_Process
Gopeng Bhd,/equities/gopeng-bhd,To_be_Process
Gunung Capital Bhd,/equities/gunung-capital-bhd,To_be_Process
Integrated Logistics Bhd,/equities/integrated-logistics-bhd,To_be_Process
Ipmuda Bhd,/equities/ipmuda-bhd,To_be_Process
Ireka Corporation Bhd,/equities/ireka-corporation-bhd,To_be_Process
JMR Conglomeration Bhd,/equities/jmr-conglomeration-bhd,To_be_Process
Knusford Bhd,/equities/knusford-bhd,To_be_Process
Karambunai Corp Bhd,/equities/karambunai-corp-bhd,To_be_Process
Lee Swee Kiat Group Bhd,/equities/lee-swee-kiat-group-bhd,To_be_Process
London Biscuits Bhd,/equities/london-biscuits-bhd,To_be_Process
Latitude Tree Holdings Bhd,/equities/latitude-tree-holdings-bhd,To_be_Process
LTKM Bhd,/equities/ltkm-bhd,To_be_Process
Maxwell International Holdings,/equities/maxwell-international-holdings,To_be_Process
Melati Ehsan Holdings Bhd,/equities/melati-ehsan-holdings-bhd,To_be_Process
Stella Holdings Bhd,/equities/merge-energy-bhd,To_be_Process
Malpac Holdings Bhd,/equities/malpac-holdings-bhd,To_be_Process
Mintye Industries Bhd,/equities/mintye-industries-bhd,To_be_Process
Manulife Holdings Bhd,/equities/manulife-holdings-bhd,To_be_Process
Multi Sports Holdings Ltd,/equities/multi-sports-holdings-ltd,To_be_Process
New Hoong Fatt Holdings Bhd,/equities/new-hoong-fatt-holdings-bhd,To_be_Process
Negri Sembilan Oil Palms Bhd,/equities/negri-sembilan-oil-palms-bhd,To_be_Process
Pasdec Holdings Bhd,/equities/pasdec-holdings-bhd,To_be_Process
PLB Engineering Bhd,/equities/plb-engineering-bhd,To_be_Process
Rex Industry Bhd,/equities/rex-industry-bhd,To_be_Process
Selangor Properties Bhd,/equities/selangor-properties-bhd,To_be_Process
Sin Heng Chan (Malaya) Bhd,/equities/sin-heng-chan-(malaya)-bhd,To_be_Process
SBC Corp Bhd,/equities/sbc-corp-bhd,To_be_Process
AYER Holdings Bhd,/equities/tahps-group-bhd,To_be_Process
Teo Guan Lee Corporation Bhd,/equities/teo-guan-lee-corporation-bhd,To_be_Process
Pimpinan Eshan Bhd,/equities/triplc-bhd,To_be_Process
United Malacca Bhd,/equities/united-malacca-bhd,To_be_Process
Xingquan International Sports,/equities/xingquan-international-sports,To_be_Process
Y&G Corp Bhd,/equities/y-g-corp-bhd,To_be_Process
Yee Lee Corporation Bhd,/equities/yee-lee-corporation-bhd,To_be_Process
YTL Land Develop Bhd,/equities/ytl-land-develop-bhd,To_be_Process
Amtel Holdings Bhd,/equities/amtel-holdings-bhd,To_be_Process
Cymao Holdings Bhd,/equities/cymao-holdings-bhd,To_be_Process
Kinsteel Bhd,/equities/kinsteel-bhd,To_be_Process
Multi-Usage Holdings Bhd,/equities/multi-usage-holdings-bhd,To_be_Process
PNE PCB Bhd,/equities/pne-pcb-bhd,To_be_Process
Pelangi Publishing Group Bhd,/equities/pelangi-publishing-group,To_be_Process
Sapura Industrial Bhd,/equities/sapura-industrial-bhd,To_be_Process
Atta Global Group Bhd,/equities/smpc-corporation-bhd,To_be_Process
Southern Acids (M) Bhd,/equities/southern-acids-m-bhd,To_be_Process
Tasek Corporation Bhd,/equities/tasek-corporation-bhd,To_be_Process
UMS-Neiken Group Bhd,/equities/ums-neiken-group-bhd,To_be_Process
Sumatec Resources Bhd,/equities/sumatec-resources-bhd,To_be_Process
Kein Hing International Bhd,/equities/kein-hing-international-bhd,To_be_Process
NPC Resources Bhd,/equities/npc-resources-bhd,To_be_Process
Ralco Corporation Bhd,/equities/ralco-corporation-bhd,To_be_Process
Seni Jaya Corporation Bhd,/equities/seni-jaya-corporation-bhd,To_be_Process
Suiwah Corporation Bhd,/equities/suiwah-corporation-bhd,To_be_Process
Toyo Ink Group Bhd,/equities/toyo-ink-group-bhd,To_be_Process
Utusan Melayu Malaysia Bhd,/equities/utusan-melayu-malaysia-bhd,To_be_Process
Warisan TC Holdings Bhd,/equities/warisan-tc-holdings-bhd,To_be_Process
Red Sena Bhd,/equities/red-sena-bhd,To_be_Process
OCR Group Bhd,/equities/oc-resources-bhd,To_be_Process
Metrod Holdings Bhd,/equities/metrod-holdings-bhd,To_be_Process
China Automobile Parts Holdings Ltd,/equities/china-automobile-parts-holdings-ltd,To_be_Process
Innity Corporation Bhd,/equities/innity-corporation-bhd,To_be_Process
Insas Bhd Pref,/equities/insas-bhd-pref,To_be_Process
DWL Resources Bhd,/equities/spring-gallery-bhd-pref,To_be_Process
Ann Joo Resources Bhd Pref,/equities/ann-joo-resources-bhd-pref,To_be_Process
Yong Tai Bhd Pref,/equities/yong-tai-bhd-pref,To_be_Process
Rhone Ma Holdings Bhd,/equities/rhone-ma-holdings-bhd,To_be_Process
Federal International Holdings Bhd,/equities/federal-furniture-holdings-m-bhd,To_be_Process
ATTA Global Group Bhd Pref,/equities/atta-global-pref,To_be_Process
Topvision Eye Specialist,/equities/topvision-eye-specialist,To_be_Process
CRG Inc,/equities/crg,To_be_Process
Supreme Consolidated Resources,/equities/supreme-consolidated-resources,To_be_Process
Astramina Group Berhad,/equities/astramina-group-berhad,To_be_Process
MMIS Bhd,/equities/mmis-bhd,To_be_Process
MCOM Holdings Bhd,/equities/mcom-holdings-bhd,To_be_Process
Pineapple Resources Bhd,/equities/pineapple-resources-bhd,To_be_Process
Tasek Corporation Bhd,/equities/tasek-corporation-bhd-pref,To_be_Process
